[{"model": "admin.logentry", "pk": 1, "fields": {"action_time": "2021-08-14T01:22:51.125Z", "user": 1, "content_type": 7, "object_id": "2c251a90-1de6-4360-8b6a-eeaf08e13af7", "object_repr": "Projects object (2c251a90-1de6-4360-8b6a-eeaf08e13af7)", "action_flag": 1, "change_message": "[{\"added\": {}}]"}}, {"model": "admin.logentry", "pk": 2, "fields": {"action_time": "2021-08-14T01:23:26.343Z", "user": 1, "content_type": 7, "object_id": "ca58fc36-aa9d-49e0-b452-35593a2713bc", "object_repr": "Projects object (ca58fc36-aa9d-49e0-b452-35593a2713bc)", "action_flag": 1, "change_message": "[{\"added\": {}}]"}}, {"model": "admin.logentry", "pk": 3, "fields": {"action_time": "2021-08-14T11:41:27.629Z", "user": 1, "content_type": 8, "object_id": "d44b3601-51b7-4975-b5a4-a4c176f4ef09", "object_repr": "Ecommerce Project", "action_flag": 1, "change_message": "[{\"added\": {}}]"}}, {"model": "admin.logentry", "pk": 4, "fields": {"action_time": "2021-08-14T11:41:44.409Z", "user": 1, "content_type": 8, "object_id": "75e820d3-8a73-47f5-95db-8fefcc5c0258", "object_repr": "Web Development", "action_flag": 1, "change_message": "[{\"added\": {}}]"}}, {"model": "admin.logentry", "pk": 5, "fields": {"action_time": "2021-08-14T11:42:22.036Z", "user": 1, "content_type": 8, "object_id": "041e34a0-612f-4042-8c98-19bdf7bd2458", "object_repr": "Software Development", "action_flag": 1, "change_message": "[{\"added\": {}}]"}}, {"model": "admin.logentry", "pk": 6, "fields": {"action_time": "2021-08-14T11:45:32.068Z", "user": 1, "content_type": 9, "object_id": "94344bff-8fcb-4394-81aa-453c979e7273", "object_repr": "Django", "action_flag": 1, "change_message": "[{\"added\": {}}]"}}, {"model": "admin.logentry", "pk": 7, "fields": {"action_time": "2021-08-14T11:45:44.482Z", "user": 1, "content_type": 9, "object_id": "990b36c3-e620-4442-a135-007acbbd7a93", "object_repr": "HTML", "action_flag": 1, "change_message": "[{\"added\": {}}]"}}, {"model": "admin.logentry", "pk": 8, "fields": {"action_time": "2021-08-14T11:45:56.382Z", "user": 1, "content_type": 9, "object_id": "82317597-8c73-43d8-bf8f-b4d6ef5c3989", "object_repr": "Bootstrap", "action_flag": 1, "change_message": "[{\"added\": {}}]"}}, {"model": "admin.logentry", "pk": 9, "fields": {"action_time": "2021-08-14T11:46:04.452Z", "user": 1, "content_type": 9, "object_id": "aecfd4d5-5ea1-4706-8c21-8643fd102ba7", "object_repr": "CSS", "action_flag": 1, "change_message": "[{\"added\": {}}]"}}, {"model": "admin.logentry", "pk": 10, "fields": {"action_time": "2021-08-14T12:09:34.479Z", "user": 1, "content_type": 9, "object_id": "2bddd72e-9209-46d6-ae49-52374fca2bdf", "object_repr": "Python", "action_flag": 1, "change_message": "[{\"added\": {}}]"}}, {"model": "admin.logentry", "pk": 11, "fields": {"action_time": "2021-08-14T12:09:45.627Z", "user": 1, "content_type": 9, "object_id": "7f8e7a62-a833-4ecb-9813-60ef7024daf9", "object_repr": "Javascript", "action_flag": 1, "change_message": "[{\"added\": {}}]"}}, {"model": "admin.logentry", "pk": 12, "fields": {"action_time": "2021-08-14T12:09:54.114Z", "user": 1, "content_type": 9, "object_id": "2a31c70b-d2fa-4fb0-9dfd-e14a84ea38b8", "object_repr": "PHP", "action_flag": 1, "change_message": "[{\"added\": {}}]"}}, {"model": "admin.logentry", "pk": 13, "fields": {"action_time": "2021-08-14T12:10:50.342Z", "user": 1, "content_type": 8, "object_id": "d44b3601-51b7-4975-b5a4-a4c176f4ef09", "object_repr": "Ecommerce Project", "action_flag": 2, "change_message": "[{\"changed\": {\"fields\": [\"Tags\"]}}]"}}, {"model": "admin.logentry", "pk": 14, "fields": {"action_time": "2021-08-14T12:12:03.677Z", "user": 1, "content_type": 10, "object_id": "fae47b51-7f8b-4982-b924-3a3ae9d25b3b", "object_repr": "up", "action_flag": 1, "change_message": "[{\"added\": {}}]"}}, {"model": "admin.logentry", "pk": 15, "fields": {"action_time": "2021-08-14T12:14:50.005Z", "user": 1, "content_type": 8, "object_id": "7f1b91e0-223d-43c7-9895-87ad0a0c86e5", "object_repr": "Code Snipper", "action_flag": 1, "change_message": "[{\"added\": {}}]"}}, {"model": "admin.logentry", "pk": 16, "fields": {"action_time": "2021-08-14T12:15:33.532Z", "user": 1, "content_type": 8, "object_id": "ac990595-2c19-4c8b-9eb1-660b92326bc8", "object_repr": "Yogo Vibe", "action_flag": 1, "change_message": "[{\"added\": {}}]"}}, {"model": "admin.logentry", "pk": 17, "fields": {"action_time": "2021-08-14T12:16:40.745Z", "user": 1, "content_type": 8, "object_id": "ea544a1a-cab0-41e6-94fc-7c19258337bf", "object_repr": "Portfolio", "action_flag": 1, "change_message": "[{\"added\": {}}]"}}, {"model": "admin.logentry", "pk": 18, "fields": {"action_time": "2021-08-14T13:16:59.359Z", "user": 1, "content_type": 10, "object_id": "1e971041-f66c-466e-949a-7113f538e09e", "object_repr": "up", "action_flag": 1, "change_message": "[{\"added\": {}}]"}}, {"model": "admin.logentry", "pk": 19, "fields": {"action_time": "2021-08-14T13:17:22.530Z", "user": 1, "content_type": 10, "object_id": "a6022134-b5ed-4048-8861-ac1749db6d6a", "object_repr": "down", "action_flag": 1, "change_message": "[{\"added\": {}}]"}}, {"model": "admin.logentry", "pk": 20, "fields": {"action_time": "2021-08-14T20:42:59.228Z", "user": 1, "content_type": 8, "object_id": "49695975-0ef3-467e-825e-341550f41bc2", "object_repr": "Cool Tuts", "action_flag": 1, "change_message": "[{\"added\": {}}]"}}, {"model": "admin.logentry", "pk": 21, "fields": {"action_time": "2021-08-14T23:23:20.493Z", "user": 1, "content_type": 8, "object_id": "d44b3601-51b7-4975-b5a4-a4c176f4ef09", "object_repr": "Ecommerce Website", "action_flag": 2, "change_message": "[{\"changed\": {\"fields\": [\"Featured image\"]}}]"}}, {"model": "admin.logentry", "pk": 22, "fields": {"action_time": "2021-08-14T23:27:49.194Z", "user": 1, "content_type": 8, "object_id": "d44b3601-51b7-4975-b5a4-a4c176f4ef09", "object_repr": "Ecommerce Website", "action_flag": 2, "change_message": "[{\"changed\": {\"fields\": [\"Featured image\"]}}]"}}, {"model": "admin.logentry", "pk": 23, "fields": {"action_time": "2021-08-14T23:58:29.551Z", "user": 1, "content_type": 8, "object_id": "39abedf0-e713-4d4e-b301-66ece56c763f", "object_repr": "Market Place", "action_flag": 2, "change_message": "[{\"changed\": {\"fields\": [\"Featured image\"]}}]"}}, {"model": "admin.logentry", "pk": 24, "fields": {"action_time": "2021-08-15T00:00:22.732Z", "user": 1, "content_type": 8, "object_id": "39abedf0-e713-4d4e-b301-66ece56c763f", "object_repr": "Market Place", "action_flag": 2, "change_message": "[{\"changed\": {\"fields\": [\"Featured image\"]}}]"}}, {"model": "admin.logentry", "pk": 25, "fields": {"action_time": "2021-08-15T01:44:22.818Z", "user": 1, "content_type": 8, "object_id": "ac990595-2c19-4c8b-9eb1-660b92326bc8", "object_repr": "Yogo Vibe", "action_flag": 2, "change_message": "[{\"changed\": {\"fields\": [\"Featured image\"]}}]"}}, {"model": "admin.logentry", "pk": 26, "fields": {"action_time": "2021-08-15T01:45:02.531Z", "user": 1, "content_type": 8, "object_id": "041e34a0-612f-4042-8c98-19bdf7bd2458", "object_repr": "Software Development", "action_flag": 2, "change_message": "[{\"changed\": {\"fields\": [\"Featured image\"]}}]"}}, {"model": "admin.logentry", "pk": 27, "fields": {"action_time": "2021-08-15T01:52:12.948Z", "user": 1, "content_type": 8, "object_id": "041e34a0-612f-4042-8c98-19bdf7bd2458", "object_repr": "Software Development", "action_flag": 2, "change_message": "[{\"changed\": {\"fields\": [\"Vote total\", \"Vote ratio\"]}}]"}}, {"model": "admin.logentry", "pk": 28, "fields": {"action_time": "2021-08-15T01:52:38.736Z", "user": 1, "content_type": 8, "object_id": "041e34a0-612f-4042-8c98-19bdf7bd2458", "object_repr": "Software Development", "action_flag": 2, "change_message": "[{\"changed\": {\"fields\": [\"Vote total\"]}}]"}}, {"model": "admin.logentry", "pk": 29, "fields": {"action_time": "2021-08-15T13:18:48.838Z", "user": 1, "content_type": 8, "object_id": "7f1b91e0-223d-43c7-9895-87ad0a0c86e5", "object_repr": "Code Snipper", "action_flag": 2, "change_message": "[{\"changed\": {\"fields\": [\"Demo link\", \"Source link\"]}}]"}}, {"model": "admin.logentry", "pk": 30, "fields": {"action_time": "2021-08-15T19:53:10.099Z", "user": 1, "content_type": 4, "object_id": "2", "object_repr": "nathan", "action_flag": 1, "change_message": "[{\"added\": {}}]"}}, {"model": "admin.logentry", "pk": 31, "fields": {"action_time": "2021-08-15T19:57:15.878Z", "user": 1, "content_type": 11, "object_id": "92455a93-121b-4916-96e8-3e285b1ce095", "object_repr": "nathan", "action_flag": 1, "change_message": "[{\"added\": {}}]"}}, {"model": "admin.logentry", "pk": 32, "fields": {"action_time": "2021-08-15T19:59:06.675Z", "user": 1, "content_type": 4, "object_id": "3", "object_repr": "johndoe", "action_flag": 1, "change_message": "[{\"added\": {}}]"}}, {"model": "admin.logentry", "pk": 33, "fields": {"action_time": "2021-08-15T20:01:18.876Z", "user": 1, "content_type": 11, "object_id": "0213afad-094d-44ea-a025-57ca418d1762", "object_repr": "johndoe", "action_flag": 1, "change_message": "[{\"added\": {}}]"}}, {"model": "admin.logentry", "pk": 34, "fields": {"action_time": "2021-08-15T20:13:54.231Z", "user": 1, "content_type": 8, "object_id": "ea544a1a-cab0-41e6-94fc-7c19258337bf", "object_repr": "Portfolio", "action_flag": 2, "change_message": "[{\"changed\": {\"fields\": [\"Owner\"]}}]"}}, {"model": "admin.logentry", "pk": 35, "fields": {"action_time": "2021-08-15T20:14:19.066Z", "user": 1, "content_type": 8, "object_id": "d44b3601-51b7-4975-b5a4-a4c176f4ef09", "object_repr": "Ecommerce Website", "action_flag": 2, "change_message": "[{\"changed\": {\"fields\": [\"Owner\"]}}]"}}, {"model": "admin.logentry", "pk": 36, "fields": {"action_time": "2021-08-15T20:14:27.514Z", "user": 1, "content_type": 8, "object_id": "c9846722-8ff3-428a-bda1-ee47ea76af1b", "object_repr": "Laravel Technology", "action_flag": 2, "change_message": "[{\"changed\": {\"fields\": [\"Owner\"]}}]"}}, {"model": "admin.logentry", "pk": 37, "fields": {"action_time": "2021-08-15T20:14:36.096Z", "user": 1, "content_type": 8, "object_id": "ac990595-2c19-4c8b-9eb1-660b92326bc8", "object_repr": "Yogo Vibe", "action_flag": 2, "change_message": "[{\"changed\": {\"fields\": [\"Owner\"]}}]"}}, {"model": "admin.logentry", "pk": 38, "fields": {"action_time": "2021-08-15T20:14:43.857Z", "user": 1, "content_type": 8, "object_id": "7f1b91e0-223d-43c7-9895-87ad0a0c86e5", "object_repr": "Code Snipper", "action_flag": 2, "change_message": "[{\"changed\": {\"fields\": [\"Owner\"]}}]"}}, {"model": "admin.logentry", "pk": 39, "fields": {"action_time": "2021-08-15T20:14:55.564Z", "user": 1, "content_type": 8, "object_id": "75e820d3-8a73-47f5-95db-8fefcc5c0258", "object_repr": "Web Development", "action_flag": 2, "change_message": "[{\"changed\": {\"fields\": [\"Owner\"]}}]"}}, {"model": "admin.logentry", "pk": 40, "fields": {"action_time": "2021-08-15T20:15:04.064Z", "user": 1, "content_type": 8, "object_id": "3fd881a5-556d-4636-8851-07bc83ee57d8", "object_repr": "Gymnatical", "action_flag": 2, "change_message": "[{\"changed\": {\"fields\": [\"Owner\"]}}]"}}, {"model": "admin.logentry", "pk": 41, "fields": {"action_time": "2021-08-15T20:15:12.562Z", "user": 1, "content_type": 8, "object_id": "39abedf0-e713-4d4e-b301-66ece56c763f", "object_repr": "Market Place", "action_flag": 2, "change_message": "[{\"changed\": {\"fields\": [\"Owner\"]}}]"}}, {"model": "admin.logentry", "pk": 42, "fields": {"action_time": "2021-08-15T20:15:20.840Z", "user": 1, "content_type": 8, "object_id": "041e34a0-612f-4042-8c98-19bdf7bd2458", "object_repr": "Software Development", "action_flag": 2, "change_message": "[{\"changed\": {\"fields\": [\"Owner\"]}}]"}}, {"model": "admin.logentry", "pk": 43, "fields": {"action_time": "2021-08-15T20:15:43.495Z", "user": 1, "content_type": 11, "object_id": "92455a93-121b-4916-96e8-3e285b1ce095", "object_repr": "nathan", "action_flag": 2, "change_message": "[{\"changed\": {\"fields\": [\"Username\"]}}]"}}, {"model": "admin.logentry", "pk": 44, "fields": {"action_time": "2021-08-15T20:15:57.724Z", "user": 1, "content_type": 11, "object_id": "0213afad-094d-44ea-a025-57ca418d1762", "object_repr": "johndoe", "action_flag": 2, "change_message": "[{\"changed\": {\"fields\": [\"Username\"]}}]"}}, {"model": "admin.logentry", "pk": 45, "fields": {"action_time": "2021-08-15T21:16:07.525Z", "user": 1, "content_type": 12, "object_id": "cdeb4850-a869-4a80-aac5-969e5328300d", "object_repr": "React", "action_flag": 1, "change_message": "[{\"added\": {}}]"}}, {"model": "admin.logentry", "pk": 46, "fields": {"action_time": "2021-08-15T21:16:21.993Z", "user": 1, "content_type": 12, "object_id": "6a0fb7eb-85ae-4b90-9659-97152bc0d0ed", "object_repr": "Python", "action_flag": 1, "change_message": "[{\"added\": {}}]"}}, {"model": "admin.logentry", "pk": 47, "fields": {"action_time": "2021-08-15T21:16:45.178Z", "user": 1, "content_type": 12, "object_id": "40c60943-a5d2-4fda-b5d5-f018b3c4bc80", "object_repr": "Django", "action_flag": 1, "change_message": "[{\"added\": {}}]"}}, {"model": "admin.logentry", "pk": 48, "fields": {"action_time": "2021-08-15T21:17:04.331Z", "user": 1, "content_type": 12, "object_id": "fff3769c-55be-4140-8820-2417b559f00f", "object_repr": "Javascript", "action_flag": 1, "change_message": "[{\"added\": {}}]"}}, {"model": "admin.logentry", "pk": 49, "fields": {"action_time": "2021-08-15T21:17:43.255Z", "user": 1, "content_type": 12, "object_id": "17d79104-78ab-49c4-9fa7-20a45b87b257", "object_repr": "HTM", "action_flag": 1, "change_message": "[{\"added\": {}}]"}}, {"model": "admin.logentry", "pk": 50, "fields": {"action_time": "2021-08-15T21:17:54.887Z", "user": 1, "content_type": 12, "object_id": "d3d288e0-308a-4d61-94bb-0a0c4166fc68", "object_repr": "CSS", "action_flag": 1, "change_message": "[{\"added\": {}}]"}}, {"model": "admin.logentry", "pk": 51, "fields": {"action_time": "2021-08-15T21:18:11.493Z", "user": 1, "content_type": 12, "object_id": "7c251aec-358f-4b91-92ad-7d73d57909a8", "object_repr": "Bootstrap", "action_flag": 1, "change_message": "[{\"added\": {}}]"}}, {"model": "admin.logentry", "pk": 52, "fields": {"action_time": "2021-08-15T21:19:07.942Z", "user": 1, "content_type": 12, "object_id": "358e37b6-d90c-4c0b-afd1-58852be0619a", "object_repr": "HTML", "action_flag": 1, "change_message": "[{\"added\": {}}]"}}, {"model": "admin.logentry", "pk": 53, "fields": {"action_time": "2021-08-15T21:19:17.965Z", "user": 1, "content_type": 12, "object_id": "16dc8fba-2ad9-4ae1-b0c8-7f042b3b108c", "object_repr": "CSS", "action_flag": 1, "change_message": "[{\"added\": {}}]"}}, {"model": "admin.logentry", "pk": 54, "fields": {"action_time": "2021-08-15T21:19:32.953Z", "user": 1, "content_type": 12, "object_id": "779757fb-5156-4462-b6c6-84d75ebe72f4", "object_repr": "Bootstrap", "action_flag": 1, "change_message": "[{\"added\": {}}]"}}, {"model": "admin.logentry", "pk": 55, "fields": {"action_time": "2021-08-15T21:20:02.192Z", "user": 1, "content_type": 11, "object_id": "92455a93-121b-4916-96e8-3e285b1ce095", "object_repr": "nathan", "action_flag": 2, "change_message": "[{\"changed\": {\"fields\": [\"Location\"]}}]"}}, {"model": "admin.logentry", "pk": 56, "fields": {"action_time": "2021-08-15T21:20:17.964Z", "user": 1, "content_type": 11, "object_id": "0213afad-094d-44ea-a025-57ca418d1762", "object_repr": "johndoe", "action_flag": 2, "change_message": "[{\"changed\": {\"fields\": [\"Location\"]}}]"}}, {"model": "admin.logentry", "pk": 57, "fields": {"action_time": "2021-08-15T21:21:02.679Z", "user": 1, "content_type": 11, "object_id": "92455a93-121b-4916-96e8-3e285b1ce095", "object_repr": "nathan", "action_flag": 2, "change_message": "[{\"changed\": {\"fields\": [\"Location\"]}}]"}}, {"model": "admin.logentry", "pk": 58, "fields": {"action_time": "2021-08-15T22:00:31.739Z", "user": 1, "content_type": 11, "object_id": "92455a93-121b-4916-96e8-3e285b1ce095", "object_repr": "nathan", "action_flag": 2, "change_message": "[{\"changed\": {\"fields\": [\"Social github\"]}}]"}}, {"model": "admin.logentry", "pk": 59, "fields": {"action_time": "2021-08-15T22:08:26.926Z", "user": 1, "content_type": 11, "object_id": "92455a93-121b-4916-96e8-3e285b1ce095", "object_repr": "nathan", "action_flag": 2, "change_message": "[{\"changed\": {\"fields\": [\"Social linkedin\"]}}]"}}, {"model": "admin.logentry", "pk": 60, "fields": {"action_time": "2021-08-15T22:09:11.317Z", "user": 1, "content_type": 11, "object_id": "92455a93-121b-4916-96e8-3e285b1ce095", "object_repr": "nathan", "action_flag": 2, "change_message": "[]"}}, {"model": "admin.logentry", "pk": 61, "fields": {"action_time": "2021-08-15T22:10:05.164Z", "user": 1, "content_type": 11, "object_id": "92455a93-121b-4916-96e8-3e285b1ce095", "object_repr": "nathan", "action_flag": 2, "change_message": "[{\"changed\": {\"fields\": [\"Social linkedin\"]}}]"}}, {"model": "admin.logentry", "pk": 62, "fields": {"action_time": "2021-08-15T22:10:22.259Z", "user": 1, "content_type": 11, "object_id": "92455a93-121b-4916-96e8-3e285b1ce095", "object_repr": "nathan", "action_flag": 2, "change_message": "[{\"changed\": {\"fields\": [\"Social linkedin\"]}}]"}}, {"model": "admin.logentry", "pk": 63, "fields": {"action_time": "2021-08-15T22:28:15.244Z", "user": 1, "content_type": 12, "object_id": "7cf3cc9e-2252-4cef-a6bd-84b0b729e793", "object_repr": "Java", "action_flag": 1, "change_message": "[{\"added\": {}}]"}}, {"model": "admin.logentry", "pk": 64, "fields": {"action_time": "2021-08-15T22:28:35.281Z", "user": 1, "content_type": 12, "object_id": "198e9eb9-e92a-4885-9cb4-f5da3edf5784", "object_repr": "Flask", "action_flag": 1, "change_message": "[{\"added\": {}}]"}}, {"model": "admin.logentry", "pk": 65, "fields": {"action_time": "2021-08-15T23:06:19.178Z", "user": 1, "content_type": 8, "object_id": "d44b3601-51b7-4975-b5a4-a4c176f4ef09", "object_repr": "Ecommerce Website", "action_flag": 2, "change_message": "[{\"changed\": {\"fields\": [\"Vote total\", \"Vote ratio\"]}}]"}}, {"model": "admin.logentry", "pk": 66, "fields": {"action_time": "2021-08-16T19:38:55.822Z", "user": 1, "content_type": 11, "object_id": "92455a93-121b-4916-96e8-3e285b1ce095", "object_repr": "nathan", "action_flag": 2, "change_message": "[]"}}, {"model": "admin.logentry", "pk": 67, "fields": {"action_time": "2021-08-16T19:45:30.392Z", "user": 1, "content_type": 11, "object_id": "92455a93-121b-4916-96e8-3e285b1ce095", "object_repr": "nar", "action_flag": 2, "change_message": "[]"}}, {"model": "admin.logentry", "pk": 68, "fields": {"action_time": "2021-08-16T19:47:34.451Z", "user": 1, "content_type": 11, "object_id": "5393feb0-90e1-4014-a457-d6dcc1f793c9", "object_repr": "djones", "action_flag": 1, "change_message": "[{\"added\": {}}]"}}, {"model": "admin.logentry", "pk": 69, "fields": {"action_time": "2021-08-16T19:56:21.459Z", "user": 1, "content_type": 11, "object_id": "5393feb0-90e1-4014-a457-d6dcc1f793c9", "object_repr": "djones", "action_flag": 3, "change_message": ""}}, {"model": "admin.logentry", "pk": 70, "fields": {"action_time": "2021-08-16T20:02:40.578Z", "user": 1, "content_type": 11, "object_id": "0213afad-094d-44ea-a025-57ca418d1762", "object_repr": "jdoe", "action_flag": 2, "change_message": "[]"}}, {"model": "admin.logentry", "pk": 71, "fields": {"action_time": "2021-08-16T20:23:10.149Z", "user": 1, "content_type": 4, "object_id": "4", "object_repr": "kboy", "action_flag": 1, "change_message": "[{\"added\": {}}]"}}, {"model": "admin.logentry", "pk": 72, "fields": {"action_time": "2021-08-16T20:24:10.495Z", "user": 1, "content_type": 4, "object_id": "5", "object_repr": "masha", "action_flag": 1, "change_message": "[{\"added\": {}}]"}}, {"model": "admin.logentry", "pk": 73, "fields": {"action_time": "2021-08-16T20:59:09.596Z", "user": 1, "content_type": 4, "object_id": "4", "object_repr": "kboy", "action_flag": 3, "change_message": ""}}, {"model": "admin.logentry", "pk": 74, "fields": {"action_time": "2021-08-16T21:00:41.346Z", "user": 1, "content_type": 11, "object_id": "5a625ea1-10a4-47ce-8804-1c1fb1c499c1", "object_repr": "masha", "action_flag": 3, "change_message": ""}}, {"model": "admin.logentry", "pk": 75, "fields": {"action_time": "2021-08-16T21:01:00.377Z", "user": 1, "content_type": 4, "object_id": "5", "object_repr": "masha", "action_flag": 3, "change_message": ""}}, {"model": "admin.logentry", "pk": 76, "fields": {"action_time": "2021-08-16T21:10:22.182Z", "user": 1, "content_type": 4, "object_id": "6", "object_repr": "tim", "action_flag": 1, "change_message": "[{\"added\": {}}]"}}, {"model": "admin.logentry", "pk": 77, "fields": {"action_time": "2021-08-16T21:12:09.552Z", "user": 1, "content_type": 11, "object_id": "db0fcfbd-877a-41bf-b510-b566fd93f1b0", "object_repr": "tim", "action_flag": 3, "change_message": ""}}, {"model": "admin.logentry", "pk": 78, "fields": {"action_time": "2021-08-16T21:32:00.398Z", "user": 1, "content_type": 11, "object_id": "0213afad-094d-44ea-a025-57ca418d1762", "object_repr": "jdoe", "action_flag": 2, "change_message": "[]"}}, {"model": "admin.logentry", "pk": 79, "fields": {"action_time": "2021-08-16T21:33:26.607Z", "user": 1, "content_type": 4, "object_id": "3", "object_repr": "johndoe", "action_flag": 2, "change_message": "[]"}}, {"model": "admin.logentry", "pk": 80, "fields": {"action_time": "2021-08-18T21:19:08.834Z", "user": 1, "content_type": 4, "object_id": "2", "object_repr": "nathan", "action_flag": 2, "change_message": "[{\"changed\": {\"fields\": [\"Staff status\", \"Superuser status\"]}}]"}}, {"model": "admin.logentry", "pk": 81, "fields": {"action_time": "2021-08-19T20:38:00.038Z", "user": 1, "content_type": 11, "object_id": "c95192a8-12ac-4b3d-9e7a-297423a60f94", "object_repr": "tunji", "action_flag": 3, "change_message": ""}}, {"model": "admin.logentry", "pk": 82, "fields": {"action_time": "2021-08-19T20:38:00.044Z", "user": 1, "content_type": 11, "object_id": "861535d3-f286-4b36-9f92-3b83ea2e4f0b", "object_repr": "jomi", "action_flag": 3, "change_message": ""}}, {"model": "admin.logentry", "pk": 83, "fields": {"action_time": "2021-08-19T20:38:00.046Z", "user": 1, "content_type": 11, "object_id": "6dabc9c0-34d4-4a4f-87b8-e3fc91c58ca4", "object_repr": "tmiles", "action_flag": 3, "change_message": ""}}, {"model": "admin.logentry", "pk": 84, "fields": {"action_time": "2021-08-19T20:38:00.057Z", "user": 1, "content_type": 11, "object_id": "49fb6fd4-46b6-4668-98c9-0b1000865a7f", "object_repr": "johnbull", "action_flag": 3, "change_message": ""}}, {"model": "admin.logentry", "pk": 85, "fields": {"action_time": "2021-08-19T20:38:57.115Z", "user": 1, "content_type": 11, "object_id": "0213afad-094d-44ea-a025-57ca418d1762", "object_repr": "jdoes", "action_flag": 2, "change_message": "[{\"changed\": {\"fields\": [\"Username\"]}}]"}}, {"model": "admin.logentry", "pk": 86, "fields": {"action_time": "2021-08-22T12:42:23.003Z", "user": 1, "content_type": 10, "object_id": "fae47b51-7f8b-4982-b924-3a3ae9d25b3b", "object_repr": "up", "action_flag": 2, "change_message": "[{\"changed\": {\"fields\": [\"Owner\"]}}]"}}, {"model": "admin.logentry", "pk": 87, "fields": {"action_time": "2021-08-22T12:47:58.949Z", "user": 1, "content_type": 10, "object_id": "d53f1f60-f0f3-4b25-85dc-3124d1218c87", "object_repr": "down", "action_flag": 1, "change_message": "[{\"added\": {}}]"}}, {"model": "admin.logentry", "pk": 88, "fields": {"action_time": "2021-08-22T12:48:34.943Z", "user": 1, "content_type": 10, "object_id": "d2f2d794-fa88-416c-87fd-73c5560f5741", "object_repr": "up", "action_flag": 1, "change_message": "[{\"added\": {}}]"}}, {"model": "admin.logentry", "pk": 89, "fields": {"action_time": "2021-08-22T13:26:13.956Z", "user": 2, "content_type": 10, "object_id": "24d0efa0-1065-4122-ab32-a1ddaf7b3f47", "object_repr": "up", "action_flag": 1, "change_message": "[{\"added\": {}}]"}}, {"model": "admin.logentry", "pk": 90, "fields": {"action_time": "2021-08-22T14:07:57.345Z", "user": 2, "content_type": 10, "object_id": "24d0efa0-1065-4122-ab32-a1ddaf7b3f47", "object_repr": "up", "action_flag": 2, "change_message": "[{\"changed\": {\"fields\": [\"Project\"]}}]"}}, {"model": "admin.logentry", "pk": 91, "fields": {"action_time": "2021-08-22T14:08:16.115Z", "user": 2, "content_type": 10, "object_id": "1e971041-f66c-466e-949a-7113f538e09e", "object_repr": "up", "action_flag": 2, "change_message": "[{\"changed\": {\"fields\": [\"Owner\", \"Project\"]}}]"}}, {"model": "admin.logentry", "pk": 92, "fields": {"action_time": "2021-08-22T14:08:50.215Z", "user": 2, "content_type": 10, "object_id": "a6022134-b5ed-4048-8861-ac1749db6d6a", "object_repr": "down", "action_flag": 2, "change_message": "[{\"changed\": {\"fields\": [\"Owner\", \"Project\"]}}]"}}, {"model": "admin.logentry", "pk": 93, "fields": {"action_time": "2021-08-22T15:24:43.761Z", "user": 2, "content_type": 10, "object_id": "61b17682-e524-42f0-ad6c-a70514332bd3", "object_repr": "up", "action_flag": 1, "change_message": "[{\"added\": {}}]"}}, {"model": "admin.logentry", "pk": 94, "fields": {"action_time": "2021-08-22T21:29:52.320Z", "user": 2, "content_type": 13, "object_id": "d4216fb6-8ffd-4042-a110-41cc08dfb0ae", "object_repr": "First Message", "action_flag": 1, "change_message": "[{\"added\": {}}]"}}, {"model": "admin.logentry", "pk": 95, "fields": {"action_time": "2021-08-22T21:31:14.444Z", "user": 2, "content_type": 13, "object_id": "d4216fb6-8ffd-4042-a110-41cc08dfb0ae", "object_repr": "First Message", "action_flag": 2, "change_message": "[{\"changed\": {\"fields\": [\"Sender\", \"Receipient\"]}}]"}}, {"model": "admin.logentry", "pk": 96, "fields": {"action_time": "2021-08-22T21:31:59.811Z", "user": 2, "content_type": 13, "object_id": "955f96b8-3cd3-4e1a-ab2f-2444b5b12085", "object_repr": "How Is The Project Going", "action_flag": 1, "change_message": "[{\"added\": {}}]"}}, {"model": "admin.logentry", "pk": 97, "fields": {"action_time": "2021-08-22T21:32:28.132Z", "user": 2, "content_type": 13, "object_id": "d4216fb6-8ffd-4042-a110-41cc08dfb0ae", "object_repr": "First Message", "action_flag": 2, "change_message": "[{\"changed\": {\"fields\": [\"Is read\"]}}]"}}, {"model": "admin.logentry", "pk": 98, "fields": {"action_time": "2021-08-22T22:22:40.300Z", "user": 2, "content_type": 13, "object_id": "d4216fb6-8ffd-4042-a110-41cc08dfb0ae", "object_repr": "First Message", "action_flag": 2, "change_message": "[{\"changed\": {\"fields\": [\"Body\"]}}]"}}, {"model": "admin.logentry", "pk": 99, "fields": {"action_time": "2021-08-22T22:22:51.258Z", "user": 2, "content_type": 13, "object_id": "955f96b8-3cd3-4e1a-ab2f-2444b5b12085", "object_repr": "How Is The Project Going", "action_flag": 2, "change_message": "[{\"changed\": {\"fields\": [\"Body\"]}}]"}}, {"model": "admin.logentry", "pk": 100, "fields": {"action_time": "2021-08-22T22:27:43.173Z", "user": 2, "content_type": 13, "object_id": "fc18e48c-3769-4f89-a2a2-2fd3365620b4", "object_repr": "SSL Renewal", "action_flag": 1, "change_message": "[{\"added\": {}}]"}}, {"model": "admin.logentry", "pk": 101, "fields": {"action_time": "2021-08-22T23:25:45.069Z", "user": 2, "content_type": 13, "object_id": "61919a77-a33c-43f1-b9b6-1a1ac33ca19a", "object_repr": "Request for Website For My Company", "action_flag": 2, "change_message": "[{\"changed\": {\"fields\": [\"Receipient\"]}}]"}}, {"model": "admin.logentry", "pk": 102, "fields": {"action_time": "2021-08-23T19:33:14.407Z", "user": 2, "content_type": 13, "object_id": "977cc07f-bec5-47fe-aa41-ea0a4a5dad2a", "object_repr": "Professional Website", "action_flag": 2, "change_message": "[{\"changed\": {\"fields\": [\"Is read\"]}}]"}}, {"model": "admin.logentry", "pk": 103, "fields": {"action_time": "2021-08-23T19:33:29.165Z", "user": 2, "content_type": 13, "object_id": "977cc07f-bec5-47fe-aa41-ea0a4a5dad2a", "object_repr": "Professional Website", "action_flag": 2, "change_message": "[{\"changed\": {\"fields\": [\"Is read\"]}}]"}}, {"model": "admin.logentry", "pk": 104, "fields": {"action_time": "2021-08-23T19:33:42.475Z", "user": 2, "content_type": 13, "object_id": "977cc07f-bec5-47fe-aa41-ea0a4a5dad2a", "object_repr": "Professional Website", "action_flag": 2, "change_message": "[{\"changed\": {\"fields\": [\"Sender\", \"Receipient\"]}}]"}}, {"model": "admin.logentry", "pk": 105, "fields": {"action_time": "2021-08-23T21:04:24.078Z", "user": 2, "content_type": 11, "object_id": "d11fea96-893f-4e01-92ae-1bc7f30e70a4", "object_repr": "masha", "action_flag": 3, "change_message": ""}}, {"model": "admin.logentry", "pk": 106, "fields": {"action_time": "2021-08-23T21:30:01.017Z", "user": 2, "content_type": 11, "object_id": "16db68cd-9357-41f5-aa7b-466f8a37dab2", "object_repr": "masha", "action_flag": 3, "change_message": ""}}, {"model": "admin.logentry", "pk": 107, "fields": {"action_time": "2021-08-26T22:19:28.882Z", "user": 2, "content_type": 4, "object_id": "15", "object_repr": "masha", "action_flag": 3, "change_message": ""}}, {"model": "admin.logentry", "pk": 108, "fields": {"action_time": "2021-08-26T22:23:34.986Z", "user": 2, "content_type": 8, "object_id": "9022da5d-6bfb-4ae8-b865-20d8280a0bb2", "object_repr": "Banking App", "action_flag": 2, "change_message": "[{\"changed\": {\"fields\": [\"Owner\"]}}]"}}, {"model": "admin.logentry", "pk": 109, "fields": {"action_time": "2021-08-26T22:24:07.274Z", "user": 2, "content_type": 11, "object_id": "d46a8808-a957-4295-8bf0-99a23b20c69f", "object_repr": "tunji", "action_flag": 3, "change_message": ""}}, {"model": "admin.logentry", "pk": 110, "fields": {"action_time": "2021-08-26T22:29:23.264Z", "user": 2, "content_type": 8, "object_id": "c9846722-8ff3-428a-bda1-ee47ea76af1b", "object_repr": "Laravel Technology", "action_flag": 2, "change_message": "[{\"changed\": {\"fields\": [\"Featured image\"]}}]"}}, {"model": "auth.permission", "pk": 1, "fields": {"name": "Can add log entry", "content_type": 1, "codename": "add_logentry"}}, {"model": "auth.permission", "pk": 2, "fields": {"name": "Can change log entry", "content_type": 1, "codename": "change_logentry"}}, {"model": "auth.permission", "pk": 3, "fields": {"name": "Can delete log entry", "content_type": 1, "codename": "delete_logentry"}}, {"model": "auth.permission", "pk": 4, "fields": {"name": "Can view log entry", "content_type": 1, "codename": "view_logentry"}}, {"model": "auth.permission", "pk": 5, "fields": {"name": "Can add permission", "content_type": 2, "codename": "add_permission"}}, {"model": "auth.permission", "pk": 6, "fields": {"name": "Can change permission", "content_type": 2, "codename": "change_permission"}}, {"model": "auth.permission", "pk": 7, "fields": {"name": "Can delete permission", "content_type": 2, "codename": "delete_permission"}}, {"model": "auth.permission", "pk": 8, "fields": {"name": "Can view permission", "content_type": 2, "codename": "view_permission"}}, {"model": "auth.permission", "pk": 9, "fields": {"name": "Can add group", "content_type": 3, "codename": "add_group"}}, {"model": "auth.permission", "pk": 10, "fields": {"name": "Can change group", "content_type": 3, "codename": "change_group"}}, {"model": "auth.permission", "pk": 11, "fields": {"name": "Can delete group", "content_type": 3, "codename": "delete_group"}}, {"model": "auth.permission", "pk": 12, "fields": {"name": "Can view group", "content_type": 3, "codename": "view_group"}}, {"model": "auth.permission", "pk": 13, "fields": {"name": "Can add user", "content_type": 4, "codename": "add_user"}}, {"model": "auth.permission", "pk": 14, "fields": {"name": "Can change user", "content_type": 4, "codename": "change_user"}}, {"model": "auth.permission", "pk": 15, "fields": {"name": "Can delete user", "content_type": 4, "codename": "delete_user"}}, {"model": "auth.permission", "pk": 16, "fields": {"name": "Can view user", "content_type": 4, "codename": "view_user"}}, {"model": "auth.permission", "pk": 17, "fields": {"name": "Can add content type", "content_type": 5, "codename": "add_contenttype"}}, {"model": "auth.permission", "pk": 18, "fields": {"name": "Can change content type", "content_type": 5, "codename": "change_contenttype"}}, {"model": "auth.permission", "pk": 19, "fields": {"name": "Can delete content type", "content_type": 5, "codename": "delete_contenttype"}}, {"model": "auth.permission", "pk": 20, "fields": {"name": "Can view content type", "content_type": 5, "codename": "view_contenttype"}}, {"model": "auth.permission", "pk": 21, "fields": {"name": "Can add session", "content_type": 6, "codename": "add_session"}}, {"model": "auth.permission", "pk": 22, "fields": {"name": "Can change session", "content_type": 6, "codename": "change_session"}}, {"model": "auth.permission", "pk": 23, "fields": {"name": "Can delete session", "content_type": 6, "codename": "delete_session"}}, {"model": "auth.permission", "pk": 24, "fields": {"name": "Can view session", "content_type": 6, "codename": "view_session"}}, {"model": "auth.permission", "pk": 25, "fields": {"name": "Can add projects", "content_type": 7, "codename": "add_projects"}}, {"model": "auth.permission", "pk": 26, "fields": {"name": "Can change projects", "content_type": 7, "codename": "change_projects"}}, {"model": "auth.permission", "pk": 27, "fields": {"name": "Can delete projects", "content_type": 7, "codename": "delete_projects"}}, {"model": "auth.permission", "pk": 28, "fields": {"name": "Can view projects", "content_type": 7, "codename": "view_projects"}}, {"model": "auth.permission", "pk": 29, "fields": {"name": "Can add project", "content_type": 8, "codename": "add_project"}}, {"model": "auth.permission", "pk": 30, "fields": {"name": "Can change project", "content_type": 8, "codename": "change_project"}}, {"model": "auth.permission", "pk": 31, "fields": {"name": "Can delete project", "content_type": 8, "codename": "delete_project"}}, {"model": "auth.permission", "pk": 32, "fields": {"name": "Can view project", "content_type": 8, "codename": "view_project"}}, {"model": "auth.permission", "pk": 33, "fields": {"name": "Can add tag", "content_type": 9, "codename": "add_tag"}}, {"model": "auth.permission", "pk": 34, "fields": {"name": "Can change tag", "content_type": 9, "codename": "change_tag"}}, {"model": "auth.permission", "pk": 35, "fields": {"name": "Can delete tag", "content_type": 9, "codename": "delete_tag"}}, {"model": "auth.permission", "pk": 36, "fields": {"name": "Can view tag", "content_type": 9, "codename": "view_tag"}}, {"model": "auth.permission", "pk": 37, "fields": {"name": "Can add review", "content_type": 10, "codename": "add_review"}}, {"model": "auth.permission", "pk": 38, "fields": {"name": "Can change review", "content_type": 10, "codename": "change_review"}}, {"model": "auth.permission", "pk": 39, "fields": {"name": "Can delete review", "content_type": 10, "codename": "delete_review"}}, {"model": "auth.permission", "pk": 40, "fields": {"name": "Can view review", "content_type": 10, "codename": "view_review"}}, {"model": "auth.permission", "pk": 41, "fields": {"name": "Can add profile", "content_type": 11, "codename": "add_profile"}}, {"model": "auth.permission", "pk": 42, "fields": {"name": "Can change profile", "content_type": 11, "codename": "change_profile"}}, {"model": "auth.permission", "pk": 43, "fields": {"name": "Can delete profile", "content_type": 11, "codename": "delete_profile"}}, {"model": "auth.permission", "pk": 44, "fields": {"name": "Can view profile", "content_type": 11, "codename": "view_profile"}}, {"model": "auth.permission", "pk": 45, "fields": {"name": "Can add skill", "content_type": 12, "codename": "add_skill"}}, {"model": "auth.permission", "pk": 46, "fields": {"name": "Can change skill", "content_type": 12, "codename": "change_skill"}}, {"model": "auth.permission", "pk": 47, "fields": {"name": "Can delete skill", "content_type": 12, "codename": "delete_skill"}}, {"model": "auth.permission", "pk": 48, "fields": {"name": "Can view skill", "content_type": 12, "codename": "view_skill"}}, {"model": "auth.permission", "pk": 49, "fields": {"name": "Can add message", "content_type": 13, "codename": "add_message"}}, {"model": "auth.permission", "pk": 50, "fields": {"name": "Can change message", "content_type": 13, "codename": "change_message"}}, {"model": "auth.permission", "pk": 51, "fields": {"name": "Can delete message", "content_type": 13, "codename": "delete_message"}}, {"model": "auth.permission", "pk": 52, "fields": {"name": "Can view message", "content_type": 13, "codename": "view_message"}}, {"model": "auth.user", "pk": 1, "fields": {"password": "pbkdf2_sha256$260000$OeoOIwgP1Ezh1z8HprVU0T$oL9LdfI8cvF2H68qxmcxz/TX3PSslx8GxqHBNXLZEJA=", "last_login": "2021-08-21T23:16:24.904Z", "is_superuser": true, "username": "admin", "first_name": "", "last_name": "", "email": "ziktech2020@gmail.com", "is_staff": true, "is_active": true, "date_joined": "2021-08-14T01:00:29.972Z", "groups": [], "user_permissions": []}}, {"model": "auth.user", "pk": 2, "fields": {"password": "pbkdf2_sha256$260000$XDAyb70ZsGPbVBLfsoh4GC$kl2WHe4sAVV9UlYfJxHy2108xxD7s1TTOsflgqMm550=", "last_login": "2021-08-24T23:05:27.477Z", "is_superuser": true, "username": "nar19", "first_name": "Nathaniel Rabiu", "last_name": "", "email": "nar@irdgital.com", "is_staff": true, "is_active": true, "date_joined": "2021-08-15T19:53:09Z", "groups": [], "user_permissions": []}}, {"model": "auth.user", "pk": 3, "fields": {"password": "pbkdf2_sha256$260000$2XgSm1hkSat35cyjpSiCzw$Ymi5hZfzgCZ+nhgyVbcRSUdfb8hjUOaMAsC3F8RGcMY=", "last_login": "2021-08-26T23:16:28.484Z", "is_superuser": false, "username": "jdoes", "first_name": "John Doe", "last_name": "", "email": "jdoe@email.com", "is_staff": false, "is_active": true, "date_joined": "2021-08-15T19:59:06Z", "groups": [], "user_permissions": []}}, {"model": "auth.user", "pk": 11, "fields": {"password": "pbkdf2_sha256$260000$Q6rCHJzPZ2zb3jZ7DR0SX7$39ur0BP3t7FINl2trJR+cHjLEFERJmAX0heBlG1AbRo=", "last_login": "2021-08-23T20:23:33.266Z", "is_superuser": false, "username": "psalm", "first_name": "Yekini Samuel", "last_name": "", "email": "yekisalm@gmail.com", "is_staff": false, "is_active": true, "date_joined": "2021-08-19T21:09:11.187Z", "groups": [], "user_permissions": []}}, {"model": "auth.user", "pk": 16, "fields": {"password": "pbkdf2_sha256$260000$mflf09HopI2LXE3j5naVQz$UolOzMs/TFVh77p2ChZjIXqmghcevpjNYZBlcsrF9NY=", "last_login": "2021-08-26T23:26:17.142Z", "is_superuser": false, "username": "tune", "first_name": "Omole Tunji", "last_name": "", "email": "tjomole@jsutme.com", "is_staff": false, "is_active": true, "date_joined": "2021-08-26T23:26:15.052Z", "groups": [], "user_permissions": []}}, {"model": "contenttypes.contenttype", "pk": 1, "fields": {"app_label": "admin", "model": "logentry"}}, {"model": "contenttypes.contenttype", "pk": 2, "fields": {"app_label": "auth", "model": "permission"}}, {"model": "contenttypes.contenttype", "pk": 3, "fields": {"app_label": "auth", "model": "group"}}, {"model": "contenttypes.contenttype", "pk": 4, "fields": {"app_label": "auth", "model": "user"}}, {"model": "contenttypes.contenttype", "pk": 5, "fields": {"app_label": "contenttypes", "model": "contenttype"}}, {"model": "contenttypes.contenttype", "pk": 6, "fields": {"app_label": "sessions", "model": "session"}}, {"model": "contenttypes.contenttype", "pk": 7, "fields": {"app_label": "projects", "model": "projects"}}, {"model": "contenttypes.contenttype", "pk": 8, "fields": {"app_label": "projects", "model": "project"}}, {"model": "contenttypes.contenttype", "pk": 9, "fields": {"app_label": "projects", "model": "tag"}}, {"model": "contenttypes.contenttype", "pk": 10, "fields": {"app_label": "projects", "model": "review"}}, {"model": "contenttypes.contenttype", "pk": 11, "fields": {"app_label": "users", "model": "profile"}}, {"model": "contenttypes.contenttype", "pk": 12, "fields": {"app_label": "users", "model": "skill"}}, {"model": "contenttypes.contenttype", "pk": 13, "fields": {"app_label": "users", "model": "message"}}, {"model": "sessions.session", "pk": "0gd2dldehwr0g2kyfd89grhajn3e31or", "fields": {"session_data": ".eJxVjEEOwiAQRe_C2hCGCRRcuvcMhM6AVA0kpV013t026UK3_733NxHiupSw9jSHicVVaHH53cZIr1QPwM9YH01Sq8s8jfJQ5Em7vDdO79vp_h2U2MteZ7I0QPSgM3gEZ51nFylDRq-MQcvMpJVGMMohktfeGWBCu-tD0uLzBcxANr4:1mHog2:sFcLywZx0-pgP1TAhRBHmbhEUXRMUeJS7Sq-XTmh9Ag", "expire_date": "2021-09-05T14:42:22.311Z"}}, {"model": "sessions.session", "pk": "e1l8qn6w5jjyd5sgdyzykoidarva6123", "fields": {"session_data": ".eJxVjMsOwiAQRf-FtSFMeQgu3fsNZGAGWzWQlHZl_HfbpAvd3nPOfYuI6zLGtfMcJxIXAeL0uyXMT647oAfWe5O51WWektwVedAub434dT3cv4MR-7jVgdFCSOw9AeQ0gCZU9lxCCS6ByaydJlaaBovO2ALWDEYb7bNTuOni8wXjuTdh:1mEi3F:-aX6dc3B61InrtDtqvknb7NezoJc1URjIcFZdRRxRzo", "expire_date": "2021-08-28T01:01:29.051Z"}}, {"model": "sessions.session", "pk": "n6ymdp24d86eeksrqduzvut61f331miu", "fields": {"session_data": ".eJxVjDsOwjAQBe_iGlns-hNBSc8ZrLV3jQPIluKkirg7iZQC2jczb1WBlrmEpcsURlZXBV6dfsdI6SV1J_yk-mg6tTpPY9S7og_a9b2xvG-H-3dQqJettsYAoh0kWySKhiIzXlAw--xBhkQ2e-83TtGBs87KGZkYcqIIIOrzBRPKONo:1mJOlF:xhjryaeefmqA9h1sQ_qCyW6eW9C8Nbv08uxWekgfHPw", "expire_date": "2021-09-09T23:26:17.147Z"}}, {"model": "sessions.session", "pk": "t5scmhr11xu9lw8twww0mp09qnep9sdm", "fields": {"session_data": ".eJxVjEEOwiAQRe_C2hCGCRRcuvcMhM6AVA0kpV013t026UK3_733NxHiupSw9jSHicVVaHH53cZIr1QPwM9YH01Sq8s8jfJQ5Em7vDdO79vp_h2U2MteZ7I0QPSgM3gEZ51nFylDRq-MQcvMpJVGMMohktfeGWBCu-tD0uLzBcxANr4:1mIfTz:SS2nfi8IRINyp770oNAYBtHR4oBzSOc35kPLrbnhZ8k", "expire_date": "2021-09-07T23:05:27.490Z"}}, {"model": "projects.project", "pk": "041e34a0-612f-4042-8c98-19bdf7bd2458", "fields": {"owner": "92455a93-121b-4916-96e8-3e285b1ce095", "title": "Software Development", "description": "Why do we use it?\r\nIt is a long established fact that a reader will be distracted by the readable content of a page when looking at its layout. The point of using Lorem Ipsum is that it has a more-or-less normal distribution of letters, as opposed to using 'Content here, content here', making it look like readable English. Many desktop publishing packages and web page editors now use Lorem Ipsum as their default model text, and a search for 'lorem ipsum' will uncover many web sites still in their infancy. Various versions have evolved over the years, sometimes by accident, sometimes on purpose (injected humour and the like).", "featured_image": "codesniper.png", "demo_link": "demo.ziktech.com", "source_link": "www.ziktech.com", "vote_total": 2, "vote_ratio": 68, "created": "2021-08-14T11:42:22.026Z", "tags": []}}, {"model": "projects.project", "pk": "3fd881a5-556d-4636-8851-07bc83ee57d8", "fields": {"owner": "0213afad-094d-44ea-a025-57ca418d1762", "title": "Gymnatical", "description": "Body work", "featured_image": "mumble.PNG", "demo_link": null, "source_link": null, "vote_total": 0, "vote_ratio": 0, "created": "2021-08-15T00:05:05.340Z", "tags": ["82317597-8c73-43d8-bf8f-b4d6ef5c3989"]}}, {"model": "projects.project", "pk": "5c11b41c-1eed-4b05-8656-609e8b5dc602", "fields": {"owner": "95a7db71-ad2f-4d55-a324-6a453ba471cd", "title": "Crypto Currency's Trading", "description": "In publishing and graphic design, Lorem ipsum is a placeholder text commonly used to demonstrate the visual form of a document or a typeface without relying on meaningful content. Lorem ipsum may be used as a placeholder before final copy is available. It is also used to temporarily replace text in a process called greeking, which allows designers to consider the form of a webpage or publication, without the meaning of the text influencing the design.", "featured_image": "office-932926_1920.jpeg", "demo_link": "demo.psalmyek.com", "source_link": "www.psalmyek.com", "vote_total": 0, "vote_ratio": 0, "created": "2021-08-21T23:19:46.902Z", "tags": []}}, {"model": "projects.project", "pk": "6768b1bf-0b0b-4f39-97df-ea6b1f4e1abf", "fields": {"owner": "95a7db71-ad2f-4d55-a324-6a453ba471cd", "title": "Blog Development", "description": "In publishing and graphic design, Lorem ipsum is a placeholder text commonly used to demonstrate the visual form of a document or a typeface without relying on meaningful content. Lorem ipsum may be used as a placeholder before final copy is available. It is also used to temporarily replace text in a process called greeking, which allows designers to consider the form of a webpage or publication, without the meaning of the text influencing the design.", "featured_image": "programmer-1653351_1280.png", "demo_link": "demo.psalmyek.com", "source_link": "www.psalmyek.com", "vote_total": 0, "vote_ratio": 0, "created": "2021-08-21T23:23:54.288Z", "tags": ["2bddd72e-9209-46d6-ae49-52374fca2bdf", "82317597-8c73-43d8-bf8f-b4d6ef5c3989", "94344bff-8fcb-4394-81aa-453c979e7273"]}}, {"model": "projects.project", "pk": "69e1ac8c-a24b-4a12-8849-a5c70c17eeaf", "fields": {"owner": "95a7db71-ad2f-4d55-a324-6a453ba471cd", "title": "Enterprise Resource Management", "description": "In publishing and graphic design, Lorem ipsum is a placeholder text commonly used to demonstrate the visual form of a document or a typeface without relying on meaningful content. Lorem ipsum may be used as a placeholder before final copy is available. It is also used to temporarily replace text in a process called greeking, which allows designers to consider the form of a webpage or publication, without the meaning of the text influencing the design.", "featured_image": "web-design-2038872_1920.jpeg", "demo_link": "demo.psalmyek.com", "source_link": "www.psalmyek.com", "vote_total": 0, "vote_ratio": 0, "created": "2021-08-21T23:20:44.869Z", "tags": ["2a31c70b-d2fa-4fb0-9dfd-e14a84ea38b8", "7f8e7a62-a833-4ecb-9813-60ef7024daf9", "82317597-8c73-43d8-bf8f-b4d6ef5c3989"]}}, {"model": "projects.project", "pk": "75e820d3-8a73-47f5-95db-8fefcc5c0258", "fields": {"owner": "92455a93-121b-4916-96e8-3e285b1ce095", "title": "Web Development", "description": "Why do we use it?\r\nIt is a long established fact that a reader will be distracted by the readable content of a page when looking at its layout. The point of using Lorem Ipsum is that it has a more-or-less normal distribution of letters, as opposed to using 'Content here, content here', making it look like readable English. Many desktop publishing packages and web page editors now use Lorem Ipsum as their default model text, and a search for 'lorem ipsum' will uncover many web sites still in their infancy. Various versions have evolved over the years, sometimes by accident, sometimes on purpose (injected humour and the like).", "featured_image": "DevSearch_Projects.jpg", "demo_link": "www.ziktech.com", "source_link": "www.ziktech.com", "vote_total": 0, "vote_ratio": 0, "created": "2021-08-14T11:41:44.402Z", "tags": []}}, {"model": "projects.project", "pk": "7f1b91e0-223d-43c7-9895-87ad0a0c86e5", "fields": {"owner": "92455a93-121b-4916-96e8-3e285b1ce095", "title": "Code Snipper", "description": "Why do we use it?\r\nIt is a long established fact that a reader will be distracted by the readable content of a page when looking at its layout. The point of using Lorem Ipsum is that it has a more-or-less normal distribution of letters, as opposed to using 'Content here, content here', making it look like readable English. Many desktop publishing packages and web page editors now use Lorem Ipsum as their default model text, and a search for 'lorem ipsum' will uncover many web sites still in their infancy. Various versions have evolved over the years, sometimes by accident, sometimes on purpose (injected humour and the like).", "featured_image": "yogavive.png", "demo_link": "test.codelink.com", "source_link": "www.irdigiatl.com", "vote_total": 80, "vote_ratio": 78, "created": "2021-08-14T12:14:49.984Z", "tags": ["7f8e7a62-a833-4ecb-9813-60ef7024daf9", "82317597-8c73-43d8-bf8f-b4d6ef5c3989", "94344bff-8fcb-4394-81aa-453c979e7273"]}}, {"model": "projects.project", "pk": "8026e192-b88d-4a54-a4f5-74c815252bc8", "fields": {"owner": "92455a93-121b-4916-96e8-3e285b1ce095", "title": "CRM Dashboard", "description": "In publishing and graphic design, Lorem ipsum is a placeholder text commonly used to demonstrate the visual form of a document or a typeface without relying on meaningful content. Lorem ipsum may be used as a placeholder before final copy is available. It is also used to temporarily replace text in a process called greeking, which allows designers to consider the form of a webpage or publication, without the meaning of the text influencing the design.", "featured_image": "web-3967926_1920.jpeg", "demo_link": "demo.ziktech.com", "source_link": "ww.ziketch.com", "vote_total": 0, "vote_ratio": 0, "created": "2021-08-21T23:15:41.512Z", "tags": ["10ad2b7d-c85e-4540-91fc-a2c8d514070c", "63f56288-927f-41bc-9e92-a8ca16d44306", "91766424-8955-47d8-bc28-bda8483b55c0", "94344bff-8fcb-4394-81aa-453c979e7273", "990b36c3-e620-4442-a135-007acbbd7a93", "f0f749b8-d559-4fe3-9579-a5b5eeb004cb"]}}, {"model": "projects.project", "pk": "ac990595-2c19-4c8b-9eb1-660b92326bc8", "fields": {"owner": "0213afad-094d-44ea-a025-57ca418d1762", "title": "Yogo Vibe", "description": "Why do we use it?\r\nIt is a long established fact that a reader will be distracted by the readable content of a page when looking at its layout. The point of using Lorem Ipsum is that it has a more-or-less normal distribution of letters, as opposed to using 'Content here, content here', making it look like readable English. Many desktop publishing packages and web page editors now use Lorem Ipsum as their default model text, and a search for 'lorem ipsum' will uncover many web sites still in their infancy. Various versions have evolved over the years, sometimes by accident, sometimes on purpose (injected humour and the like).", "featured_image": "unicrorn_fee.PNG", "demo_link": null, "source_link": null, "vote_total": 100, "vote_ratio": 80, "created": "2021-08-14T12:15:33.521Z", "tags": ["82317597-8c73-43d8-bf8f-b4d6ef5c3989", "94344bff-8fcb-4394-81aa-453c979e7273", "aecfd4d5-5ea1-4706-8c21-8643fd102ba7"]}}, {"model": "projects.project", "pk": "ae0d1437-7e56-4b45-8fb1-6aa54605562c", "fields": {"owner": "95a7db71-ad2f-4d55-a324-6a453ba471cd", "title": "Banking Technology", "description": "In publishing and graphic design, Lorem ipsum is a placeholder text commonly used to demonstrate the visual form of a document or a typeface without relying on meaningful content. Lorem ipsum may be used as a placeholder before final copy is available.", "featured_image": "codesniper_br4sXz3.png", "demo_link": "demo.ziktech.com", "source_link": "ww.ziketch.com", "vote_total": 0, "vote_ratio": 0, "created": "2021-08-19T21:42:14.384Z", "tags": []}}, {"model": "projects.project", "pk": "c9846722-8ff3-428a-bda1-ee47ea76af1b", "fields": {"owner": "0213afad-094d-44ea-a025-57ca418d1762", "title": "Laravel Technology", "description": "It is a long established fact that a reader will be distracted by the readable content of a page when looking at its layout. The point of using Lorem Ipsum is that it has a more-or-less normal distribution of letters, as opposed to using 'Content here, content here', making it look like readable English. Many desktop publishing packages and web page editors now use Lorem Ipsum as their default model text, and a search for 'lorem ipsum' will uncover many web sites still in their infancy. Various versions have evolved over the years, sometimes by accident, sometimes on purpose (injected humour and the like).", "featured_image": "", "demo_link": "demo.ziktech.com", "source_link": "ww.ziketch.com", "vote_total": 0, "vote_ratio": 0, "created": "2021-08-15T14:41:43.800Z", "tags": ["2bddd72e-9209-46d6-ae49-52374fca2bdf", "94344bff-8fcb-4394-81aa-453c979e7273", "990b36c3-e620-4442-a135-007acbbd7a93", "aecfd4d5-5ea1-4706-8c21-8643fd102ba7"]}}, {"model": "projects.project", "pk": "d44b3601-51b7-4975-b5a4-a4c176f4ef09", "fields": {"owner": "92455a93-121b-4916-96e8-3e285b1ce095", "title": "Ecommerce Website", "description": "Why do we use it?\r\nIt is a long established fact that a reader will be distracted by the readable content of a page when looking at its layout. The point of using Lorem Ipsum is that it has a more-or-less normal distribution of letters, as opposed to using 'Content here, content here', making it look like readable English. Many desktop publishing packages and web page editors now use Lorem Ipsum as their default model text, and a search for 'lorem ipsum' will uncover many web sites still in their infancy. Various versions have evolved over the years, sometimes by accident, sometimes on purpose (injected humour and the like).", "featured_image": "django-react-course.jpg", "demo_link": "www.ziktech.com", "source_link": "www.ziktech.com", "vote_total": 230, "vote_ratio": 98, "created": "2021-08-14T11:41:27.620Z", "tags": ["2bddd72e-9209-46d6-ae49-52374fca2bdf", "62c6ffa1-7462-4ce4-89cd-754136a9a458", "82317597-8c73-43d8-bf8f-b4d6ef5c3989", "94344bff-8fcb-4394-81aa-453c979e7273", "aecfd4d5-5ea1-4706-8c21-8643fd102ba7"]}}, {"model": "projects.project", "pk": "dcf0b4c1-4022-4053-8cea-71fb33ebf538", "fields": {"owner": "95a7db71-ad2f-4d55-a324-6a453ba471cd", "title": "Professional Design Services", "description": "In publishing and graphic design, Lorem ipsum is a placeholder text commonly used to demonstrate the visual form of a document or a typeface without relying on meaningful content. Lorem ipsum may be used as a placeholder before final copy is available. It is also used to temporarily replace text in a process called greeking, which allows designers to consider the form of a webpage or publication, without the meaning of the text influencing the design.", "featured_image": "website-3374825_1920.jpeg", "demo_link": "demo.psalmyek.com", "source_link": "www.psalmyek.com", "vote_total": 0, "vote_ratio": 0, "created": "2021-08-21T23:21:33.345Z", "tags": ["2bddd72e-9209-46d6-ae49-52374fca2bdf", "7f8e7a62-a833-4ecb-9813-60ef7024daf9", "94344bff-8fcb-4394-81aa-453c979e7273"]}}, {"model": "projects.project", "pk": "ea544a1a-cab0-41e6-94fc-7c19258337bf", "fields": {"owner": "92455a93-121b-4916-96e8-3e285b1ce095", "title": "Portfolio", "description": "Why do we use it?\r\nIt is a long established fact that a reader will be distracted by the readable content of a page when looking at its layout. The point of using Lorem Ipsum is that it has a more-or-less normal distribution of letters, as opposed to using 'Content here, content here', making it look like readable English. Many desktop publishing packages and web page editors now use Lorem Ipsum as their default model text, and a search for 'lorem ipsum' will uncover many web sites still in their infancy. Various versions have evolved over the years, sometimes by accident, sometimes on purpose (injected humour and the like).", "featured_image": "portfolio.PNG", "demo_link": "demo.ziktech.com", "source_link": "www.ziktech.com", "vote_total": 123, "vote_ratio": 95, "created": "2021-08-14T12:16:40.727Z", "tags": ["7f8e7a62-a833-4ecb-9813-60ef7024daf9", "82317597-8c73-43d8-bf8f-b4d6ef5c3989", "94344bff-8fcb-4394-81aa-453c979e7273"]}}, {"model": "projects.project", "pk": "f77200af-03d9-4c18-a4d3-093b5c4a3f5b", "fields": {"owner": "95a7db71-ad2f-4d55-a324-6a453ba471cd", "title": "WEBSITE DEVELOPMENT", "description": "In publishing and graphic design, Lorem ipsum is a placeholder text commonly used to demonstrate the visual form of a document or a typeface without relying on meaningful content. Lorem ipsum may be used as a placeholder before final copy is available. It is also used to temporarily replace text in a process called greeking, which allows designers to consider the form of a webpage or publication, without the meaning of the text influencing the design.", "featured_image": "development-4536630_1920.png", "demo_link": "demo.psalmyek.com", "source_link": "www.psalmyek.com", "vote_total": 0, "vote_ratio": 0, "created": "2021-08-21T23:18:33.617Z", "tags": []}}, {"model": "projects.review", "pk": "1e971041-f66c-466e-949a-7113f538e09e", "fields": {"owner": "95a7db71-ad2f-4d55-a324-6a453ba471cd", "project": "ea544a1a-cab0-41e6-94fc-7c19258337bf", "body": "Great product", "value": "up", "created": "2021-08-14T13:16:59.349Z"}}, {"model": "projects.review", "pk": "24d0efa0-1065-4122-ab32-a1ddaf7b3f47", "fields": {"owner": "95a7db71-ad2f-4d55-a324-6a453ba471cd", "project": "ac990595-2c19-4c8b-9eb1-660b92326bc8", "body": "Fantastic project, keep the good job", "value": "up", "created": "2021-08-22T13:26:13.941Z"}}, {"model": "projects.review", "pk": "a6022134-b5ed-4048-8861-ac1749db6d6a", "fields": {"owner": "95a7db71-ad2f-4d55-a324-6a453ba471cd", "project": "c9846722-8ff3-428a-bda1-ee47ea76af1b", "body": "Not too great", "value": "down", "created": "2021-08-14T13:17:22.519Z"}}, {"model": "projects.review", "pk": "aafed9c4-5fdd-460c-bb50-91456d8fcd6d", "fields": {"owner": "92455a93-121b-4916-96e8-3e285b1ce095", "project": "dcf0b4c1-4022-4053-8cea-71fb33ebf538", "body": "Great stuff", "value": "up", "created": "2021-08-24T18:44:02.871Z"}}, {"model": "projects.review", "pk": "ad242d86-67d5-401c-9070-9f4b2d0711d3", "fields": {"owner": "92455a93-121b-4916-96e8-3e285b1ce095", "project": "6768b1bf-0b0b-4f39-97df-ea6b1f4e1abf", "body": null, "value": "Down", "created": "2021-08-25T21:51:15.217Z"}}, {"model": "projects.review", "pk": "d2f2d794-fa88-416c-87fd-73c5560f5741", "fields": {"owner": "95a7db71-ad2f-4d55-a324-6a453ba471cd", "project": "d44b3601-51b7-4975-b5a4-a4c176f4ef09", "body": "This is an awesome job, we can't wait to get it", "value": "up", "created": "2021-08-22T12:48:34.938Z"}}, {"model": "projects.review", "pk": "d53f1f60-f0f3-4b25-85dc-3124d1218c87", "fields": {"owner": "0213afad-094d-44ea-a025-57ca418d1762", "project": "d44b3601-51b7-4975-b5a4-a4c176f4ef09", "body": "Not a goo tutorial from the indian guy", "value": "down", "created": "2021-08-22T12:47:58.946Z"}}, {"model": "projects.review", "pk": "fae47b51-7f8b-4982-b924-3a3ae9d25b3b", "fields": {"owner": "92455a93-121b-4916-96e8-3e285b1ce095", "project": "d44b3601-51b7-4975-b5a4-a4c176f4ef09", "body": "Cool project and awesome structured", "value": "up", "created": "2021-08-14T12:12:03.672Z"}}, {"model": "projects.tag", "pk": "10ad2b7d-c85e-4540-91fc-a2c8d514070c", "fields": {"name": "PostGress", "created": "2021-08-26T22:01:08.840Z"}}, {"model": "projects.tag", "pk": "2a31c70b-d2fa-4fb0-9dfd-e14a84ea38b8", "fields": {"name": "PHP", "created": "2021-08-14T12:09:54.111Z"}}, {"model": "projects.tag", "pk": "2bddd72e-9209-46d6-ae49-52374fca2bdf", "fields": {"name": "Python", "created": "2021-08-14T12:09:34.474Z"}}, {"model": "projects.tag", "pk": "58c57fdb-bd62-441a-a9de-b1b21d97d293", "fields": {"name": "HEROKU", "created": "2021-08-26T22:06:16.736Z"}}, {"model": "projects.tag", "pk": "62c6ffa1-7462-4ce4-89cd-754136a9a458", "fields": {"name": "Materialize", "created": "2021-08-27T19:29:50.074Z"}}, {"model": "projects.tag", "pk": "63f56288-927f-41bc-9e92-a8ca16d44306", "fields": {"name": "MYSQL", "created": "2021-08-26T21:56:57.542Z"}}, {"model": "projects.tag", "pk": "7f8e7a62-a833-4ecb-9813-60ef7024daf9", "fields": {"name": "Javascript", "created": "2021-08-14T12:09:45.624Z"}}, {"model": "projects.tag", "pk": "82317597-8c73-43d8-bf8f-b4d6ef5c3989", "fields": {"name": "Bootstrap", "created": "2021-08-14T11:45:56.378Z"}}, {"model": "projects.tag", "pk": "8d5a0766-599b-4470-b190-a9ee3374345a", "fields": {"name": "DJANGO", "created": "2021-08-26T22:06:16.765Z"}}, {"model": "projects.tag", "pk": "91766424-8955-47d8-bc28-bda8483b55c0", "fields": {"name": "MONGODB", "created": "2021-08-26T21:56:57.532Z"}}, {"model": "projects.tag", "pk": "94344bff-8fcb-4394-81aa-453c979e7273", "fields": {"name": "Django", "created": "2021-08-14T11:45:32.065Z"}}, {"model": "projects.tag", "pk": "990b36c3-e620-4442-a135-007acbbd7a93", "fields": {"name": "HTML", "created": "2021-08-14T11:45:44.480Z"}}, {"model": "projects.tag", "pk": "aecfd4d5-5ea1-4706-8c21-8643fd102ba7", "fields": {"name": "CSS", "created": "2021-08-14T11:46:04.450Z"}}, {"model": "projects.tag", "pk": "f0f749b8-d559-4fe3-9579-a5b5eeb004cb", "fields": {"name": "AWS", "created": "2021-08-26T21:56:57.522Z"}}, {"model": "users.profile", "pk": "0213afad-094d-44ea-a025-57ca418d1762", "fields": {"user": 3, "name": "John Doe", "username": "jdoes", "location": "Nomansland", "email": "jdoe@email.com", "short_intro": "Innovative and creative programmer and business man", "bio": "It is a long established fact that a reader will be distracted by the readable content of a page when looking at its layout. The point of using Lorem Ipsum is that it has a more-or-less normal distribution of letters, as opposed to using 'Content here, content here', making it look like readable English. Many desktop publishing packages and web page editors now use Lorem Ipsum as their default model text, and a search for 'lorem ipsum' will uncover many web sites still in their infancy. Various versions have evolved over the years, sometimes by accident, sometimes on purpose (injected humour and the like)", "profile_image": "profiles/mehdi.png", "social_github": "github.com/jdoe", "social_twitter": "twitter.com/jdoe", "social_linkedin": "linkedin.com/jdoe", "social_youtube": "youtube.con/jdoe", "social_website": "www.jdoe.com", "created": "2021-08-15T20:01:18.873Z"}}, {"model": "users.profile", "pk": "4f307b32-3d49-42de-afe0-0d4da40c1007", "fields": {"user": 16, "name": "Omole Tunji", "username": "tune", "location": "Lagos Nigeria", "email": "tjomole@jsutme.com", "short_intro": "Decorator", "bio": "Lorem Ipsum is simply dummy text of the printing and typesetting industry. Lorem Ipsum has been the industry's standard dummy text ever since the 1500s, when an unknown printer took a galley of type and scrambled it to make a type specimen book. It has survived not only five centuries, but also the leap into electronic typesetting, remaining essentially unchanged. It was popularised in the 1960s with the release of Letraset sheets containing Lorem Ipsum passages, and more recently with desktop publishing software like Aldus PageMaker including versions of Lorem Ipsum.", "profile_image": "profiles/cody.jpg", "social_github": "#", "social_twitter": "#", "social_linkedin": "#", "social_youtube": "#", "social_website": "#", "created": "2021-08-26T23:26:15.255Z"}}, {"model": "users.profile", "pk": "92455a93-121b-4916-96e8-3e285b1ce095", "fields": {"user": 2, "name": "Nathaniel Rabiu", "username": "nar19", "location": "London, United Kingdom", "email": "nar@irdgital.com", "short_intro": "Innovative and creative programmer and business man", "bio": "It is a long established fact that a reader will be distracted by the readable content of a page when looking at its layout. The point of using Lorem Ipsum is that it has a more-or-less normal distribution of letters, as opposed to using 'Content here, content here', making it look like readable English. Many desktop publishing packages and web page editors now use Lorem Ipsum as their default model text, and a search for 'lorem ipsum' will uncover many web sites still in their infancy. Various versions have evolved over the years, sometimes by accident, sometimes on purpose (injected humour and the like)", "profile_image": "profiles/54C01221-528E-4E0A-90CF-F4B1B2D190FA.jpeg", "social_github": "https://github.com/Zikko1", "social_twitter": "twitter.com/nar", "social_linkedin": "https://www.linkedin.com/in/isaac-rabiu/", "social_youtube": "youtube.con/nar", "social_website": "www.nar.com", "created": "2021-08-15T19:57:15.873Z"}}, {"model": "users.profile", "pk": "95a7db71-ad2f-4d55-a324-6a453ba471cd", "fields": {"user": 11, "name": "Yekini Samuel", "username": "psalm", "location": "Lagos, Nigeria", "email": "yekisalm@gmail.com", "short_intro": "Business Development", "bio": "In publishing and graphic design, Lorem ipsum is a placeholder text commonly used to demonstrate the visual form of a document or a typeface without relying on meaningful content. Lorem ipsum may be used as a placeholder before final copy is available.", "profile_image": "profiles/99CF04D2-F995-4908-AF84-B113F07FD9F3.jpeg", "social_github": "github.com/nar", "social_twitter": "twitter.com/nar", "social_linkedin": "https://www.linkedin.com/in/isaac-rabiu/", "social_youtube": "youtube.com/nar", "social_website": "www.nar.com", "created": "2021-08-19T21:09:11.512Z"}}, {"model": "users.skill", "pk": "17d79104-78ab-49c4-9fa7-20a45b87b257", "fields": {"owner": "0213afad-094d-44ea-a025-57ca418d1762", "name": "HTM", "description": "t is a long established fact that a reader will be distracted by the readable content of a page when looking at its layout. The point of using Lorem Ipsum is that it has a more-or-less normal distribution of letters, as opposed to using 'Content here, content here', making it look like readable English. Many desktop publishing packages and web page editors now use Lorem Ipsum", "created": "2021-08-15T21:17:43.251Z"}}, {"model": "users.skill", "pk": "198e9eb9-e92a-4885-9cb4-f5da3edf5784", "fields": {"owner": "0213afad-094d-44ea-a025-57ca418d1762", "name": "Flask", "description": "", "created": "2021-08-15T22:28:35.279Z"}}, {"model": "users.skill", "pk": "2a01e78c-cfd3-4186-9761-5076fc5fdbcb", "fields": {"owner": "92455a93-121b-4916-96e8-3e285b1ce095", "name": "Javascript", "description": "Proficient in javascript", "created": "2021-08-20T21:21:40.957Z"}}, {"model": "users.skill", "pk": "31db1f4c-f233-4165-b9d2-6b4e8103969a", "fields": {"owner": "92455a93-121b-4916-96e8-3e285b1ce095", "name": "MySQL Database", "description": "I am highly proficient with MySQL and Sqlite3 Databases", "created": "2021-08-19T22:41:57.328Z"}}, {"model": "users.skill", "pk": "3ac45469-c37f-46d8-9f13-442b5ffb1db8", "fields": {"owner": "4f307b32-3d49-42de-afe0-0d4da40c1007", "name": "Java", "description": "Theheheh fhfhhffhhf fbfgfggf", "created": "2021-08-26T23:26:47.249Z"}}, {"model": "users.skill", "pk": "3c1b1665-b50a-4930-b085-e7e116ce2d88", "fields": {"owner": "95a7db71-ad2f-4d55-a324-6a453ba471cd", "name": "Django", "description": "I am proficient in Django framework", "created": "2021-08-22T12:11:13.873Z"}}, {"model": "users.skill", "pk": "40c60943-a5d2-4fda-b5d5-f018b3c4bc80", "fields": {"owner": "92455a93-121b-4916-96e8-3e285b1ce095", "name": "Django Framework", "description": "t is a long established fact that a reader will be distracted by the readable content of a page when looking at its layout. The point of using Lorem Ipsum is that it has a more-or-less normal distribution of letters, as opposed to using 'Content here, content here', making it look like readable English. Many desktop publishing packages and web page editors now use Lorem Ipsum", "created": "2021-08-15T21:16:45.175Z"}}, {"model": "users.skill", "pk": "6a0fb7eb-85ae-4b90-9659-97152bc0d0ed", "fields": {"owner": "92455a93-121b-4916-96e8-3e285b1ce095", "name": "Python", "description": "t is a long established fact that a reader will be distracted by the readable content of a page when looking at its layout. The point of using Lorem Ipsum is that it has a more-or-less normal distribution of letters, as opposed to using 'Content here, content here', making it look like readable English. Many desktop publishing packages and web page editors now use Lorem Ipsum", "created": "2021-08-15T21:16:21.991Z"}}, {"model": "users.skill", "pk": "779757fb-5156-4462-b6c6-84d75ebe72f4", "fields": {"owner": "92455a93-121b-4916-96e8-3e285b1ce095", "name": "Bootstrap", "description": "", "created": "2021-08-15T21:19:32.948Z"}}, {"model": "users.skill", "pk": "7c251aec-358f-4b91-92ad-7d73d57909a8", "fields": {"owner": "0213afad-094d-44ea-a025-57ca418d1762", "name": "Bootstrap", "description": "t is a long established fact that a reader will be distracted by the readable content of a page when looking at its layout. The point of using Lorem Ipsum is that it has a more-or-less normal distribution of letters, as opposed to using 'Content here, content here', making it look like readable English. Many desktop publishing packages and web page editors now use Lorem Ipsum", "created": "2021-08-15T21:18:11.491Z"}}, {"model": "users.skill", "pk": "7cf3cc9e-2252-4cef-a6bd-84b0b729e793", "fields": {"owner": "0213afad-094d-44ea-a025-57ca418d1762", "name": "Java", "description": "", "created": "2021-08-15T22:28:15.241Z"}}, {"model": "users.skill", "pk": "93639aad-9892-4d73-992f-89f177ced930", "fields": {"owner": "95a7db71-ad2f-4d55-a324-6a453ba471cd", "name": "NextJs", "description": "", "created": "2021-08-19T22:38:51.796Z"}}, {"model": "users.skill", "pk": "bf2cbe62-2a01-4ba1-a755-86284ed40680", "fields": {"owner": "95a7db71-ad2f-4d55-a324-6a453ba471cd", "name": "AWS", "description": "I have worked with AWS for 5 years", "created": "2021-08-19T22:40:06.253Z"}}, {"model": "users.skill", "pk": "c53710d9-c83c-4ba4-93a9-0a43b4489097", "fields": {"owner": "95a7db71-ad2f-4d55-a324-6a453ba471cd", "name": "PostGress", "description": "", "created": "2021-08-19T22:39:15.708Z"}}, {"model": "users.skill", "pk": "cdeb4850-a869-4a80-aac5-969e5328300d", "fields": {"owner": "92455a93-121b-4916-96e8-3e285b1ce095", "name": "React Native", "description": "t is a long established fact that a reader will be distracted by the readable content of a page when looking at its layout. The point of using Lorem Ipsum is that it has a more-or-less normal distribution of letters, as opposed to using 'Content here, content here', making it look like readable English. Many desktop publishing packages and web page editors now use Lorem Ipsum", "created": "2021-08-15T21:16:07.520Z"}}, {"model": "users.skill", "pk": "d3d288e0-308a-4d61-94bb-0a0c4166fc68", "fields": {"owner": "0213afad-094d-44ea-a025-57ca418d1762", "name": "CSS", "description": "t is a long established fact that a reader will be distracted by the readable content of a page when looking at its layout. The point of using Lorem Ipsum is that it has a more-or-less normal distribution of letters, as opposed to using 'Content here, content here', making it look like readable English. Many desktop publishing packages and web page editors now use Lorem Ipsum", "created": "2021-08-15T21:17:54.882Z"}}, {"model": "users.skill", "pk": "ee3f0d2f-3d45-4519-aa21-4c62007404ce", "fields": {"owner": "92455a93-121b-4916-96e8-3e285b1ce095", "name": "Jquery", "description": "\"IR Digital Solutions is a full Digital Marketing Agency in Lagos that makes brands easy-to-find and hard-to-ignore. We provide result-driven solutions to grow your business and brand online. IR Digital Solutions integrates brands not just across different platforms but into peoples lives.\"", "created": "2021-08-20T21:47:08.542Z"}}, {"model": "users.skill", "pk": "f8f50fb4-1230-45cd-b3fb-4bbe2575aa63", "fields": {"owner": "95a7db71-ad2f-4d55-a324-6a453ba471cd", "name": "Bootstrap", "description": "I build frontend with bootstrap framework", "created": "2021-08-22T12:11:53.818Z"}}, {"model": "users.skill", "pk": "fff3769c-55be-4140-8820-2417b559f00f", "fields": {"owner": "92455a93-121b-4916-96e8-3e285b1ce095", "name": "Javascript", "description": "t is a long established fact that a reader will be distracted by the readable content of a page when looking at its layout. The point of using Lorem Ipsum is that it has a more-or-less normal distribution of letters, as opposed to using 'Content here, content here', making it look like readable English. Many desktop publishing packages and web page editors now use Lorem Ipsum", "created": "2021-08-15T21:17:04.329Z"}}, {"model": "users.message", "pk": "07acf428-a5b9-4c3f-9a8f-3cc3e8177722", "fields": {"sender": "92455a93-121b-4916-96e8-3e285b1ce095", "receipient": null, "name": "Nathaniel Rabiu", "email": "nar@irdgital.com", "subject": "Testing the Message", "body": "In publishing and graphic design, Lorem ipsum is a placeholder text commonly used to demonstrate the visual form of a document or a typeface without relying on meaningful content. Lorem ipsum may be used as a placeholder before final copy is available. It is also used to temporarily replace text in a process called greeking, which allows designers to consider the form of a webpage or publication, without the meaning of the text influencing the design.", "is_read": false, "created": "2021-08-22T23:35:56.183Z"}}, {"model": "users.message", "pk": "2c725d7d-d212-4a04-99b4-406171eaa142", "fields": {"sender": null, "receipient": null, "name": "John Smith", "email": "jsmith@email.com", "subject": "Testing the form", "body": "In publishing and graphic design, Lorem ipsum is a placeholder text commonly used to demonstrate the visual form of a document or a typeface without relying on meaningful content. Lorem ipsum may be used as a placeholder before final copy is available. It is also used to temporarily replace text in a process called greeking, which allows designers to consider the form of a webpage or publication, without the meaning of the text influencing the design.", "is_read": false, "created": "2021-08-22T23:34:52.325Z"}}, {"model": "users.message", "pk": "3096c986-43b7-4808-a741-bba5c3f3f61d", "fields": {"sender": "92455a93-121b-4916-96e8-3e285b1ce095", "receipient": "95a7db71-ad2f-4d55-a324-6a453ba471cd", "name": "Nathaniel Rabiu", "email": "nar@irdgital.com", "subject": "How Is The Project Going", "body": "Just another test", "is_read": true, "created": "2021-08-23T20:15:54.561Z"}}, {"model": "users.message", "pk": "32f54cc7-82ed-4ca0-948b-386687c6d217", "fields": {"sender": "92455a93-121b-4916-96e8-3e285b1ce095", "receipient": "95a7db71-ad2f-4d55-a324-6a453ba471cd", "name": "Nathaniel Rabiu", "email": "nar@irdgital.com", "subject": "Suspended Website", "body": "Check if the redirection is working on this account", "is_read": true, "created": "2021-08-23T20:10:53.165Z"}}, {"model": "users.message", "pk": "59863ab9-1811-4deb-a219-efb8146d865d", "fields": {"sender": "92455a93-121b-4916-96e8-3e285b1ce095", "receipient": "0213afad-094d-44ea-a025-57ca418d1762", "name": "Nathaniel Rabiu", "email": "nar@irdgital.com", "subject": "Testing the Bug", "body": "I hope this works perfectly", "is_read": true, "created": "2021-08-26T23:10:12.788Z"}}, {"model": "users.message", "pk": "5f4a939e-ab4b-41c2-ab82-6fd885279f83", "fields": {"sender": null, "receipient": "92455a93-121b-4916-96e8-3e285b1ce095", "name": "Michael Ololade", "email": "mike@luminoso.com", "subject": "This Is Confirmation", "body": "This is is to test the update on the message", "is_read": true, "created": "2021-08-23T19:45:11.808Z"}}, {"model": "users.message", "pk": "61919a77-a33c-43f1-b9b6-1a1ac33ca19a", "fields": {"sender": null, "receipient": "92455a93-121b-4916-96e8-3e285b1ce095", "name": "Steven Agbobli", "email": "steveagbo@gmail.com", "subject": "Request for Website For My Company", "body": "In publishing and graphic design, Lorem ipsum is a placeholder text commonly used to demonstrate the visual form of a document or a typeface without relying on meaningful content. \r\n\r\nLorem ipsum may be used as a placeholder before final copy is available. It is also used to temporarily replace text in a process called greeking, which allows designers to consider the form of a webpage or publication, without the meaning of the text influencing the design.", "is_read": true, "created": "2021-08-22T23:23:27.516Z"}}, {"model": "users.message", "pk": "955f96b8-3cd3-4e1a-ab2f-2444b5b12085", "fields": {"sender": "95a7db71-ad2f-4d55-a324-6a453ba471cd", "receipient": "92455a93-121b-4916-96e8-3e285b1ce095", "name": "Yekini Samuel", "email": "yekisalm@gmail.com", "subject": "How Is The Project Going", "body": "Lorem Ipsum is simply dummy text of the printing and typesetting industry. Lorem Ipsum has been the industry's standard dummy text ever since the 1500s, when an unknown printer took a galley of type and scrambled it to make a type specimen book.\r\n\r\n It has survived not only five centuries, but also the leap into electronic typesetting, remaining essentially unchanged. It was popularised in the 1960s with the release of Letraset sheets containing Lorem Ipsum passages, and more recently with desktop publishing software like Aldus PageMaker including versions of Lorem Ipsum.", "is_read": true, "created": "2021-08-22T21:31:59.805Z"}}, {"model": "users.message", "pk": "977cc07f-bec5-47fe-aa41-ea0a4a5dad2a", "fields": {"sender": null, "receipient": "92455a93-121b-4916-96e8-3e285b1ce095", "name": "Tunji Omole", "email": "tjomole@decoroff.com", "subject": "Professional Website", "body": "Hope this works well", "is_read": true, "created": "2021-08-23T19:32:18.207Z"}}, {"model": "users.message", "pk": "a20de74b-0f2c-46b9-8825-d38c45050597", "fields": {"sender": "95a7db71-ad2f-4d55-a324-6a453ba471cd", "receipient": "92455a93-121b-4916-96e8-3e285b1ce095", "name": "Yekini Samuel", "email": "yekisalm@gmail.com", "subject": "In House Message", "body": "Testing the message on the logged in user", "is_read": true, "created": "2021-08-23T19:47:00.485Z"}}, {"model": "users.message", "pk": "d4216fb6-8ffd-4042-a110-41cc08dfb0ae", "fields": {"sender": null, "receipient": "92455a93-121b-4916-96e8-3e285b1ce095", "name": "Tunji Omole", "email": "tunji.omole@tgclub.com", "subject": "First Message", "body": "Lorem Ipsum is simply dummy text of the printing and typesetting industry. Lorem Ipsum has been the industry's standard dummy text ever since the 1500s, when an unknown printer took a galley of type and scrambled it to make a type specimen book. \r\n\r\nIt has survived not only five centuries, but also the leap into electronic typesetting, remaining essentially unchanged. It was popularised in the 1960s with the release of Letraset sheets containing Lorem Ipsum passages, and more recently with desktop publishing software like Aldus PageMaker including versions of Lorem Ipsum.", "is_read": true, "created": "2021-08-22T21:29:52.311Z"}}, {"model": "users.message", "pk": "fc18e48c-3769-4f89-a2a2-2fd3365620b4", "fields": {"sender": null, "receipient": "92455a93-121b-4916-96e8-3e285b1ce095", "name": "Tunji Omole", "email": "tunji.omole@tgclub.com", "subject": "SSL Renewal", "body": "Lorem Ipsum is simply dummy text of the printing and typesetting industry. Lorem Ipsum has been the industry's standard dummy text ever since the 1500s, when an unknown printer took a galley of type and scrambled it to make a type specimen book.\r\n\r\n It has survived not only five centuries, but also the leap into electronic typesetting, remaining essentially unchanged. \r\n\r\nIt was popularised in the 1960s with the release of Letraset sheets containing Lorem Ipsum passages, and more recently with desktop publishing software like Aldus PageMaker including versions of Lorem Ipsum.", "is_read": true, "created": "2021-08-22T22:27:43.163Z"}}]